id_usuario,nombre,email,fecha_registro
1,Apolonia Bou Alcolea,ubarroso@example.com,2026-08-09
2,Hernán Lara Tejedor,saezjavi@example.org,2026-06-28
3,Eva Dávila Castelló,eufemia17@example.org,2026-06-27
4,Milagros Roig Iñiguez,uarco@example.net,2026-06-23
5,Benita Herrera Menendez,castrillomarcio@example.org,2026-06-20
6,Onofre Abraham Bustamante Castells,gaston58@example.org,2026-08-08
7,Maricela Milla Izquierdo,noemimiranda@example.org,2026-07-24
8,Heriberto José Ángel Antón Fiol,hcordoba@example.org,2026-06-27
9,Nilda Mena Hidalgo,tomastenorio@example.com,2026-08-05
10,Eleuterio Pineda-Moles,sabinajove@example.net,2026-06-17
11,Chus Mateu-Almeida,ferranaaron@example.net,2026-06-13
12,Jeremías de Girón,carmencarbonell@example.net,2026-07-03
13,Amor Falcó Rey,lorena89@example.com,2026-07-25
14,Gerónimo del Cal,fiolcandelaria@example.com,2026-08-07
15,Domitila Palma Mateu,echeverriaclemente@example.org,2026-06-19
16,Valentín Soria,esmeralda12@example.com,2026-06-30
17,Regina de Guillén,lfalcon@example.net,2026-07-15
18,Pastor Osuna Azcona,etelvina84@example.net,2026-06-17
19,Celia Jara,bcaro@example.net,2026-07-10
20,Gabriela Casal Boix,candidafajardo@example.org,2026-06-16
21,Fausto de Moreno,crescenciamate@example.com,2026-07-11
22,Rosalva Paniagua Rojas,fuenteomar@example.com,2026-07-10
23,Alondra Prats Gordillo,emanzanares@example.org,2026-07-21
24,Seve Chaves Gomez,cleto51@example.com,2026-08-09
25,Juan José Bernad Manzano,ktovar@example.org,2026-08-01
26,Amaya Santiago,pepeparejo@example.com,2026-08-02
27,Chita Roura Blanes,flavioguillen@example.org,2026-08-07
28,Marco Huertas Castejón,malena91@example.com,2026-08-08
29,Eloísa Tomás Llamas,hropero@example.com,2026-08-06
30,Roberto Osuna Salom,rosalva97@example.net,2026-07-28
31,Bernardo Albero Bru,palaciofeliciano@example.com,2026-06-21
32,Bernarda Puerta-Terrón,ysolano@example.org,2026-06-30
33,Ángela Merino Gelabert,blanchjose@example.net,2026-06-18
34,Bibiana Muñoz Solana,atiliouribe@example.net,2026-07-12
35,Venceslás Jose Antonio Quintero Garriga,dorotea31@example.com,2026-06-20
36,Máximo Salmerón-Sevillano,sroman@example.com,2026-06-17
37,Cosme Moliner-Leal,fabionarvaez@example.com,2026-07-21
38,Isabel de Menendez,pmiguel@example.org,2026-07-01
39,Fernanda Cantón Gallardo,cobocarlota@example.org,2026-06-13
40,Marta Prats Azcona,ale99@example.com,2026-06-19
41,Albano Coronado,gomisjosefina@example.net,2026-07-24
42,Sergio Vicente Cisneros,maribelrossello@example.net,2026-07-01
43,Jose de Aliaga,cornelio61@example.com,2026-07-24
44,Francisca Ordóñez Cerdán,quirogapastor@example.net,2026-07-01
45,León Arcos Suarez,joan09@example.org,2026-07-03
46,Diego Otero Frutos,liliana63@example.org,2026-08-03
47,Norberto Andrade Hidalgo,reinaldo08@example.org,2026-07-24
48,Sandra de Monreal,npereira@example.org,2026-06-13
49,Guadalupe Pera Navarro,bespada@example.org,2026-07-19
50,Nazaret Agustín Sanmiguel,parejaencarna@example.net,2026-06-22
51,Luis del Iriarte,maria-cristina09@example.net,2026-07-04
52,Reina Gonzalo Aguilar,banosleticia@example.org,2026-08-07
53,Raquel Medina Bernal,gquesada@example.org,2026-06-29
54,Asdrubal Castells Arias,paco29@example.org,2026-07-23
55,Francisco Esteban-Cabezas,jeremiassala@example.org,2026-07-15
56,Cornelio Jose Luis Paniagua Gutiérrez,piabelda@example.org,2026-08-06
57,Anastasia Ureña Camps,manzanaresjose-angel@example.org,2026-08-06
58,Corona Pont-Nevado,begonamartin@example.net,2026-07-12
59,Angelita del Marí,buenotecla@example.net,2026-07-23
60,Marita de Carlos,ndomenech@example.com,2026-08-06
61,Anastasio Quintana Ramis,smarti@example.org,2026-06-13
62,Lilia Conde,vilaltacesar@example.net,2026-08-11
63,Octavia Riquelme Llamas,wseco@example.org,2026-07-14
64,Sergio Fuentes,lucianabenitez@example.net,2026-06-22
65,Juan Bautista Osuna Carranza,aguilarsigfrido@example.net,2026-06-16
66,Bernardo Dávila Pozuelo,luis-angel53@example.org,2026-06-24
67,Che del Perez,rcampos@example.com,2026-07-28
68,Óscar Molins Alvarado,xprieto@example.net,2026-07-18
69,Santiago Luís Bustos Benavides,montalbanjuan-jose@example.com,2026-06-15
70,Fausto Andreu-Bernal,maxi19@example.net,2026-06-24
71,Esperanza Yáñez-Salas,olimpia70@example.com,2026-07-25
72,Purificación Salinas Arellano,samu17@example.net,2026-07-19
73,Juan José Llanos Rosselló,dazajose@example.org,2026-06-21
74,Gertrudis Rafaela Anguita Arrieta,benetjoan@example.net,2026-07-10
75,Margarita Navarro Nogués,fescriva@example.com,2026-06-20
76,Vicenta Marí Otero,nadiacadenas@example.net,2026-07-22
77,Ruperta Piedad Priego Alberola,oledesma@example.org,2026-08-09
78,Ema Alegria Alcolea,marcio12@example.com,2026-06-27
79,Juan Carlos Rómulo Moll Valbuena,angelinodalmau@example.net,2026-07-19
80,Edu Beltran-Vega,duiliobeltran@example.com,2026-07-22
81,Sarita Verónica Rey Pla,modestaconde@example.net,2026-07-02
82,Natanael Danilo Ramírez Fajardo,clarajimenez@example.org,2026-06-25
83,Graciela Hierro,uportillo@example.net,2026-07-27
84,Javier Clímaco Berrocal Domínguez,selenagodoy@example.com,2026-07-08
85,Moreno Villanueva Viñas,tjove@example.net,2026-07-09
86,Luis Ángel Cuervo-Zurita,amadoramigo@example.org,2026-07-16
87,Lorenzo Sanabria Bernad,uelorza@example.com,2026-08-11
88,Rosa María Escolano Sarmiento,elodiavalenciano@example.net,2026-08-09
89,Haroldo Casares Roig,alma97@example.org,2026-08-02
90,Baltasar de Méndez,evaristo72@example.org,2026-06-16
91,Domitila Boada,olalla02@example.net,2026-07-23
92,Silvia Ofelia Cuevas Julián,fidelllobet@example.com,2026-08-05
93,Fortunato Duilio Trillo Carlos,fabiolallobet@example.org,2026-08-04
94,Ainoa Nuñez Bellido,diego04@example.org,2026-07-07
95,Dionisia Giralt Pedro,qorozco@example.net,2026-06-24
96,Ismael de Valle,dtejera@example.com,2026-07-28
97,Rosalinda Doménech,vantunez@example.org,2026-06-25
98,Máximo Sáez Morera,reyesambrosio@example.com,2026-06-25
99,Nico Benavides Roldan,omartinez@example.org,2026-06-22
100,Cornelio Fabregat,rcanas@example.net,2026-06-16
101,Severino Toro Sedano,venceslas24@example.org,2026-06-23
102,Inés Garriga Lasa,usalas@example.com,2026-07-10
103,Asunción Suárez Blanca,aaron07@example.org,2026-07-03
104,Luciana Quirós Iglesias,basilio03@example.net,2026-07-02
105,Matías Sans Beltran,oriana53@example.org,2026-06-30
106,Leonor Priego Sancho,catalinablanes@example.net,2026-07-06
107,Ceferino García Pastor,chus63@example.com,2026-08-05
108,Cornelio Díaz España,ejulian@example.com,2026-08-03
109,Carlos Girón,jpalomares@example.com,2026-08-08
110,Ignacia Ignacia Rocha Abellán,solisgilberto@example.net,2026-08-07
111,Odalys Gual Girona,juana96@example.org,2026-07-28
112,Jose Ignacio Ferrer,eladio29@example.net,2026-06-16
113,Marco Carreño-Querol,ayllonleonor@example.com,2026-07-06
114,Rosa María Angélica Montesinos Lledó,viniciomolins@example.org,2026-07-24
115,Anabel Monreal Linares,reyescastell@example.org,2026-07-13
116,Simón Prado Pedraza,canonereida@example.com,2026-08-10
117,Carlos Peñalver Carbonell,carotecla@example.com,2026-06-27
118,Patricio Valcárcel,cmariscal@example.com,2026-07-24
119,Andrea Toro Cordero,carpiosilvia@example.net,2026-07-25
120,Epifanio de Tomé,anacleto35@example.com,2026-07-21
121,Eric Mendoza Arnaiz,carbonellaurea@example.org,2026-08-02
122,Pánfilo Uría-Pedro,alma37@example.net,2026-07-23
123,Mariana Lupita Costa Bayo,ascension67@example.com,2026-07-19
124,Chelo Pellicer Valentín,vanesaroig@example.com,2026-07-23
125,Juan Carlos Vicente Aroca,gemagimenez@example.net,2026-07-02
126,Mariano Bueno-Lopez,candelariovillanueva@example.com,2026-07-14
127,José Ángel Gargallo Frías,eloyoliveras@example.net,2026-07-13
128,Aura Luque,eleuteriopalma@example.org,2026-07-03
129,Ágata Priego Puga,tluque@example.org,2026-06-24
130,Remedios Uría Arce,fabiolagalvan@example.net,2026-08-04
131,Rafaela Pujadas-Gárate,tecla09@example.com,2026-08-07
132,Iván Cárdenas,joseaguila@example.com,2026-06-17
133,David Dani Cabrera Hervás,luispiedad@example.org,2026-06-25
134,Ariel Jordán Pascual,dario93@example.org,2026-06-28
135,Alma Trujillo Ropero,rosa09@example.org,2026-07-27
136,Petrona Manola Lladó Riba,ecorbacho@example.net,2026-06-15
137,Carina Vilaplana Rosselló,jose-antoniocoronado@example.com,2026-07-03
138,Raquel Gomila Barriga,lcanovas@example.com,2026-08-06
139,Calista Luque Tamarit,dorita00@example.net,2026-07-06
140,Clotilde Guillen Figueras,elipinol@example.net,2026-07-13
141,Lupe del Girón,mesafidel@example.com,2026-07-10
142,Isidro Jacobo Luján Castro,lucila31@example.net,2026-07-24
143,Jonatan Merino Miranda,mireia27@example.com,2026-06-23
144,Reina Mir Falcón,csalcedo@example.org,2026-06-17
145,Severino Pomares Zamora,gilmerche@example.org,2026-07-26
146,Carlos Vélez Sola,romulo32@example.com,2026-07-18
147,Lilia Ledesma Riba,josefa37@example.net,2026-08-01
148,Lope Ferrández Sacristán,julieta26@example.net,2026-07-01
149,Héctor Casanova Andrés,leocadioporta@example.org,2026-06-17
150,Aroa Rocamora,crescenciacortina@example.com,2026-06-30
151,Toni Ruy Collado Valenzuela,andresjuanita@example.com,2026-07-15
152,Olimpia Cantero Posada,crobles@example.org,2026-06-22
153,Cristina Roldan Mur,guiomar83@example.org,2026-06-23
154,Pánfilo Calleja Sevillano,felipesamper@example.com,2026-07-12
155,Carmina Sans Tamarit,bgallart@example.com,2026-06-16
156,Saturnino Pizarro Pacheco,yagonavarrete@example.com,2026-06-20
157,Domitila del Casanova,iprada@example.com,2026-06-25
158,Encarnación Eulalia Torrecilla Diéguez,tiburcio77@example.net,2026-06-26
159,Eutropio Eric Mateo Blasco,lazarofuentes@example.org,2026-08-04
160,Carina Pedraza Vara,anastasioprado@example.org,2026-06-18
161,Rico Agustín Ramirez Tapia,alcantaravirginia@example.com,2026-08-09
162,Aránzazu Barroso Terrón,puentegabriela@example.net,2026-08-01
163,Fabiola Crespi Rosselló,violetaespinosa@example.com,2026-07-14
164,Juan José Bernardo Arenas Marí,zpalmer@example.org,2026-07-17
165,Arcelia Gomila Mercader,rosenda09@example.com,2026-06-16
166,Narcisa Mármol Ojeda,nadiaquesada@example.org,2026-07-01
167,Pepito Izaguirre-Diego,qbarbero@example.net,2026-06-20
168,José Manuel Ballesteros-Tenorio,eusebia96@example.org,2026-07-07
169,Nacho de Cózar,genovevaluque@example.org,2026-08-07
170,Blas Pizarro Segarra,cuadradoedgardo@example.org,2026-07-06
171,Florina del Yáñez,jennyplaza@example.com,2026-07-30
172,Sabina del Cepeda,azeneth84@example.org,2026-06-15
173,Flavio Verdugo Riera,reinalinares@example.com,2026-06-27
174,Rosenda Vazquez-Sarabia,inigo32@example.org,2026-07-27
175,Josué Solano,ernestoros@example.org,2026-06-14
176,Carolina Girón-Alberdi,gasparamaya@example.net,2026-06-22
177,Leonel Gisbert Pedraza,herminia28@example.net,2026-06-15
178,Alma Clemente,xoliva@example.com,2026-06-30
179,Adán Mora Aguiló,isaura28@example.net,2026-07-17
180,Irma Sevillano Revilla,febe35@example.com,2026-07-11
181,Camila Ríos Coloma,obduliasierra@example.net,2026-07-15
182,Evelia Javiera Araujo Valdés,riquelmeantonia@example.com,2026-07-06
183,Ámbar Pont Sáez,ullorens@example.net,2026-08-03
184,Fabricio Ribas Ballesteros,bcoll@example.com,2026-07-07
185,Priscila Cintia Muro Vargas,bougodofredo@example.org,2026-07-06
186,Pepita Palomino Almeida,bonetfebe@example.org,2026-07-04
187,Delia Ledesma Blanch,ileanamolins@example.org,2026-08-11
188,Pánfilo Pedrosa Becerra,znavarrete@example.com,2026-06-29
189,Jacobo Lara-Posada,vianaoctavio@example.org,2026-06-17
190,Itziar Quintanilla Campo,anastasiaperera@example.org,2026-08-09
191,Santiago Zacarías Francisco Montoya,aurora87@example.org,2026-06-21
192,Rogelio Cordero Aragón,nuria73@example.com,2026-07-10
193,Gregorio de Sobrino,eladioamores@example.com,2026-06-25
194,Florencia Abella Rubio,dionisio86@example.com,2026-06-15
195,Amparo Benavides Prada,berenguercurro@example.com,2026-07-16
196,Leyre Palma-Valera,celestinafrancisco@example.net,2026-06-25
197,Olga de Ibañez,chuy26@example.org,2026-06-14
198,Noa Domingo,fortunato42@example.net,2026-06-29
199,Lucila Luque,roqueiriarte@example.com,2026-07-14
200,Dora de Agudo,ebenito@example.org,2026-07-28
201,Buenaventura Gomis Miró,prudencia23@example.net,2026-07-15
202,Abilio Figuerola Ramis,pgras@example.net,2026-06-29
203,Irma Jove,galvezestrella@example.net,2026-07-25
204,Piedad Lerma,modestosalva@example.com,2026-08-03
205,Candelas Alberdi Samper,santosisaias@example.com,2026-08-01
206,Jordi Miguel Ángel Palma Luna,osvaldocanton@example.org,2026-07-12
207,Dominga Verdú Rivas,carlotaperalta@example.net,2026-06-27
208,Jose Angel Cabello Peláez,opaz@example.net,2026-07-28
209,Mauricio Vallejo Teruel,dan08@example.org,2026-07-28
210,Evita Joaquina Olmedo Goicoechea,heraclio10@example.net,2026-07-22
211,Yolanda Escolano Maldonado,rosa20@example.org,2026-07-01
212,Roberta Bermúdez Sola,obenavent@example.org,2026-07-11
213,Ligia Trini Fuster Garmendia,perahortensia@example.com,2026-07-03
214,Miguel Ángel Sáez Manzano,zroca@example.com,2026-06-17
215,Isaura Planas Armas,hurtadojose-angel@example.org,2026-07-31
216,Maricela Castilla Bravo,socorromuro@example.com,2026-07-22
217,Joan Giner Mas,lilianaverdejo@example.com,2026-06-28
218,Josep Vigil Casado,ibanezramona@example.org,2026-07-01
219,Rómulo Duilio Palomar Mata,marianelateruel@example.org,2026-06-16
220,Chita Durán Jimenez,barreraberto@example.net,2026-07-06
221,Emma Mendez Cózar,dalila79@example.net,2026-07-27
222,Vidal José María Galindo Vilanova,vlamas@example.net,2026-07-11
223,Álvaro Yuste Gordillo,jsegovia@example.net,2026-07-10
224,Cayetano Garcia Jáuregui,celiatellez@example.com,2026-07-22
225,Américo Espada,demetrio54@example.org,2026-08-02
226,Cornelio Guitart Ballester,luis-miguel01@example.org,2026-08-06
227,Victor Manuel Marcelo Leal Noguera,loretogomis@example.org,2026-07-23
228,Clemente Mesa Huertas,rodrigocarmela@example.com,2026-06-26
229,Ester Camacho Lozano,wfernandez@example.org,2026-07-10
230,Yésica Amor-Almansa,alonsojuan-manuel@example.net,2026-08-11
231,Emiliana Olivera Barceló,quiquebejarano@example.org,2026-07-26
232,Lupita Rosalía Escamilla Carpio,aragonangel@example.com,2026-08-04
233,Narcisa Palomo Taboada,annaserna@example.com,2026-07-12
234,Bernardo Tomás Roldan,tejeranieves@example.net,2026-07-28
235,Anita de Galván,luis88@example.com,2026-07-28
236,Nando Herranz Marqués,maria-jose19@example.net,2026-07-23
237,Amanda Charo Lluch Esteban,svalverde@example.org,2026-07-30
238,Marcelo Bueno-Arias,duartepanfilo@example.org,2026-08-11
239,Noemí Múgica Carbó,xmena@example.org,2026-07-09
240,Nieves Reguera Cabo,adadiaamerica@example.com,2026-07-19
241,Berto Ribera Morán,proig@example.org,2026-07-09
242,Pili Aranda Benet,lidia43@example.com,2026-08-05
243,César Larrea Solsona,cmanrique@example.org,2026-06-29
244,Rubén Canales-Saura,merchebarral@example.org,2026-08-07
245,Saturnina Paredes-Solano,matildealba@example.net,2026-08-05
246,Amado Cuéllar Fernandez,nadia08@example.com,2026-07-16
247,Adriana Camacho-Manjón,auroragrande@example.com,2026-06-21
248,Ester de Rozas,vasco75@example.com,2026-06-18
249,Flavia Baena-Puente,tiburciocastro@example.com,2026-06-20
250,Valentín Mendez,kroig@example.com,2026-07-05
251,Segismundo Cárdenas Cervera,qribera@example.org,2026-06-23
252,Cristian Coca Hervás,amancio02@example.com,2026-07-07
253,Zoraida Novoa,olivermartin@example.com,2026-06-15
254,Aránzazu Coca Almagro,fabricioabril@example.org,2026-07-04
255,Feliciano Aparicio Morales,simonvilalta@example.org,2026-06-27
256,Goyo Llanos,zmiguel@example.net,2026-07-22
257,Felix Gallo-Comas,ceferinollabres@example.com,2026-08-03
258,Ramón Riquelme Piñol,ndomenech@example.net,2026-08-04
259,Rafaela Canet Dueñas,buenaventuraochoa@example.net,2026-07-06
260,Octavio Chaves Juárez,francisco-javier56@example.org,2026-08-06
261,Martin del Zabala,ydiez@example.com,2026-07-22
262,Celestino de Manjón,felixjorda@example.com,2026-07-10
263,Feliciana Cuéllar Sanabria,portaadora@example.org,2026-07-07
264,Édgar Reina Roldán,alicia28@example.com,2026-06-21
265,Isaura Carvajal-Bustamante,brigida08@example.com,2026-06-19
266,Charo Osorio Montserrat,calisto92@example.com,2026-07-19
267,Encarnación Sandra Mesa Marquez,sagudo@example.net,2026-06-28
268,Estrella Solana Barrios,uriba@example.com,2026-08-02
269,Olga Carro,ssamper@example.org,2026-08-11
270,Eligia Pineda Paredes,psoto@example.net,2026-07-23
271,Coral de Macias,idieguez@example.net,2026-08-08
272,Esteban Maldonado Grande,sagustin@example.net,2026-08-11
273,Evangelina Ortuño,gabino75@example.com,2026-07-13
274,Juan Manuel Molins Rosselló,varelaadalberto@example.org,2026-08-04
275,Lupe Calatayud Aller,cmachado@example.net,2026-06-16
276,Esperanza Palomo-Porcel,gmaza@example.com,2026-07-08
277,Benigna Purificación Barbero Bolaños,chaparroanacleto@example.com,2026-07-26
278,Araceli Higueras,casalschus@example.net,2026-07-31
279,Teodora Espada Ribera,sarapalma@example.org,2026-07-21
280,María Fernanda Llamas Caballero,julianzaira@example.net,2026-08-07
281,Narciso de Río,palomaresamparo@example.org,2026-07-20
282,Georgina Expósito Somoza,veronica61@example.net,2026-08-09
283,Ximena Arias Mariño,mmoran@example.org,2026-06-17
284,Rosario Montes,vclavero@example.com,2026-06-25
285,Eli Cuesta Guardiola,alma21@example.com,2026-08-04
286,Adelia Calixta Manjón Botella,jonatan06@example.org,2026-07-14
287,Teresita del Canals,echevarriaangel@example.net,2026-06-18
288,Amelia Marin Mendoza,rochamarcia@example.com,2026-07-26
289,Aitana Liliana González Carvajal,roviraangelino@example.org,2026-07-01
290,Espiridión Espada Gelabert,wescolano@example.com,2026-08-02
291,Begoña Iglesia,bernatpascual@example.com,2026-08-11
292,Abigaíl Calleja,mlarranaga@example.com,2026-06-20
293,Ángeles Oliver Hurtado,ulises05@example.org,2026-06-25
294,Flavio Cazorla Escobar,vasco47@example.com,2026-07-19
295,Ainoa Uribe Leal,ttrillo@example.com,2026-07-26
296,Cesar Exposito-Fuster,carmen36@example.com,2026-06-16
297,Carmelo Mohamed Palomino Blazquez,pladulce@example.net,2026-06-16
298,Telmo Morata Salinas,egonzalo@example.org,2026-06-17
299,René del Alba,tcornejo@example.net,2026-06-28
300,Nicanor Chaparro-Bolaños,spinol@example.org,2026-06-19
301,África del Quintanilla,rosenda24@example.org,2026-08-02
302,Abigaíl Sanmartín,zabalaoctavio@example.org,2026-06-13
303,Bruno Chamorro-Benavent,leyre74@example.net,2026-07-04
304,Tamara Castell Roca,luciana11@example.org,2026-08-05
305,Miriam Aroa Manzanares Pedrero,nataliogarriga@example.net,2026-08-07
306,Perla Esteve,samuvelazquez@example.org,2026-07-07
307,Trinidad Elvira Enríquez Galindo,german67@example.net,2026-06-22
308,Eloísa Bru Falcón,silvestre34@example.net,2026-07-05
309,Jacobo Manjón-Aguado,lidia17@example.com,2026-06-19
310,Petrona Toro Luján,amorhoracio@example.com,2026-07-21
311,Josefa Puerta Goicoechea,ortegabaltasar@example.net,2026-06-17
312,Rómulo Valderrama Quevedo,ezequielrozas@example.net,2026-07-09
313,Dominga Ballesteros Diéguez,carlosmuniz@example.net,2026-07-23
314,Nélida Larrea Guardia,vicente68@example.net,2026-07-23
315,Sigfrido Martin Mayo Pera,marcosferrandiz@example.org,2026-07-18
316,Dionisia Pagès-Romeu,enriquezmiguel@example.com,2026-08-10
317,Jose Manuel Gibert Vizcaíno,hsolera@example.net,2026-06-30
318,Elisa Jordán,lucenapaco@example.com,2026-07-17
319,María Belén Goicoechea,maria-jose61@example.org,2026-08-09
320,Marino Guillen,lrosa@example.com,2026-07-02
321,Armida Murillo-Ibarra,abellajose-luis@example.com,2026-08-08
322,Trinidad Maldonado Calderon,atienzaolegario@example.com,2026-08-07
323,Fabián Grande Ugarte,juan-pablogrande@example.org,2026-07-12
324,Dani Olivares-Manrique,kcabezas@example.com,2026-08-04
325,Sandalio Torrecilla Escobar,candidaroma@example.com,2026-07-27
326,Juan Luis de Jordán,nazaret88@example.org,2026-06-20
327,Cesar Llopis,jafet84@example.net,2026-07-10
328,Ambrosio Benítez-Ribera,yhervas@example.org,2026-07-28
329,Borja Nuñez Olivera,maximianocorbacho@example.com,2026-07-18
330,Judith Díaz Nuñez,murillojose-miguel@example.org,2026-07-12
331,Inés Tapia-Haro,ubaena@example.org,2026-07-25
332,Begoña Uribe,colomermaximiano@example.com,2026-06-28
333,Delfina Zabaleta Clemente,sebastian15@example.net,2026-07-09
334,Gisela Camino Luna,bayonfeliciana@example.com,2026-07-04
335,Emperatriz Elisabet Araujo Bas,irene02@example.net,2026-07-03
336,Inocencio Viñas Verdejo,hcastejon@example.com,2026-06-24
337,Cruz Laura Sarmiento Bellido,rosalinda44@example.org,2026-07-31
338,Ester Herrero Montalbán,oalmeida@example.org,2026-07-28
339,Joel Marin-Vila,dpalau@example.org,2026-06-25
340,Herberto Valerio Girón Tormo,anarios@example.com,2026-07-09
341,Pascual Tejero Losada,telmogaliano@example.net,2026-07-20
342,Encarnita Yaiza Villar Oliver,pouainoa@example.org,2026-06-27
343,Eugenio Fiol Jaén,pellicergerardo@example.net,2026-07-18
344,Blas Trillo-Izaguirre,ycasal@example.org,2026-06-22
345,Fulgencio Macías-Tomás,hectorandrade@example.com,2026-07-20
346,Bernabé Calderon Infante,broldan@example.net,2026-08-03
347,Eliseo Nacio Miró Barroso,valerabrigida@example.net,2026-07-30
348,Esmeralda Samanta Izquierdo Malo,joaquin67@example.net,2026-06-22
349,Mercedes Verdejo Font,fmartin@example.net,2026-07-15
350,Charo Cózar Hierro,iker93@example.com,2026-07-03
